agent_name,mean_reward,std_reward,mean_yield,std_yield,mean_irrigation,std_irrigation
PPO,33300.477,3295.652,13.870420717089026,0.3572098061771084,283.25,95.39752355276315
DQN,21906.61,5322.1084,12.488207093301085,0.4551886220534297,227.25,89.44935718047391
RandomAgent,-72265.37,16474.812,13.91858979839691,0.3073793763496452,1645.0,124.69963913339926
