agent_name,mean_reward,std_reward,mean_yield,std_yield,mean_irrigation,std_irrigation
PPO,28934.762,3682.5364,13.459440655493895,0.3970746545891894,296.5,80.62412790226013
DQN,26770.098,4808.7866,13.36207702746927,0.5862053601461888,363.0,69.41541615520288
RandomAgent,-68447.445,18422.393,13.940004602922874,0.347623871040653,1617.25,135.26340044520543
